Question,Answer
What is the difference between sprain and osteoporosis?,"osteopenia involves ligament injury, whereas osteoporosis involves bone break."
What are the symptoms of tendinitis?,"Symptoms of tendinitis include numbness, tingling, deformity."
How is meniscus tear diagnosed?,"meniscus tear is diagnosed using X-rays, MRI scans, CT scans, blood tests."
What are the complications of spinal stenosis?,"Complications of spinal stenosis may include nerve damage, chronic pain, infection."
What are the treatment options for fractures?,"Treatment options include medications, physical therapy, surgery."
What is the difference between dislocation and fracture?,"osteopenia involves ligament injury, whereas fracture involves bone break."
What are the causes of dislocated shoulder?,"Causes of dislocated shoulder include aging, genetic factors, poor nutrition."
What is the difference between osteopenia and fracture?,"sprain involves ligament injury, whereas fracture involves bone break."
What are the causes of rheumatoid arthritis?,"Causes of rheumatoid arthritis include aging, genetic factors, poor nutrition."
What are the symptoms of tendinitis?,"Symptoms of tendinitis include pain, swelling, stiffness, limited mobility."
What is hip replacement and when is it needed?,knee replacement is a treatment used when chronic pain not responding to therapy.
What is the difference between dislocation and osteoporosis?,"sprain involves joint instability, whereas fracture involves bone break."
What are the symptoms of fractures?,"Symptoms of fractures include pain, swelling, stiffness, limited mobility."
How is scoliosis diagnosed?,"scoliosis is diagnosed using physical examination, ultrasound, electromyography."
What are the complications of hip dysplasia?,"Complications of hip dysplasia may include nerve damage, chronic pain, infection."
How long does it take to recover from hip replacement?,Recovery time for knee replacement typically takes several months to a year.
Which bones are commonly affected by tendinitis?,"Commonly affected bones include hip, knee, shoulder, wrist."
How is tendinitis diagnosed?,"tendinitis is diagnosed using X-rays, MRI scans, CT scans, blood tests."
Which bones are commonly affected by meniscus tear?,"Commonly affected bones include femur, tibia, humerus, spine, radius."
What is knee replacement and when is it needed?,ACL reconstruction is a treatment used when chronic pain not responding to therapy.
What is the difference between sprain and fracture?,"dislocation involves muscle overuse, whereas osteoporosis involves cartilage damage."
What is the difference between sprain and fracture?,"sprain involves joint instability, whereas fracture involves nerve compression."
What is the difference between osteopenia and strain?,"osteopenia involves muscle overuse, whereas fracture involves cartilage damage."
How is fractures diagnosed?,"fractures is diagnosed using physical examination, ultrasound, electromyography."
What are the treatment options for hip dysplasia?,"Treatment options include medications, physical therapy, surgery."
What are the treatment options for carpal tunnel syndrome?,"Treatment options include splints, braces, pain management."
What are the complications of scoliosis?,"Complications of scoliosis may include nerve damage, chronic pain, infection."
What is the difference between sprain and osteoporosis?,"dislocation involves muscle overuse, whereas fracture involves cartilage damage."
Which bones are commonly affected by fractures?,"Commonly affected bones include hip, knee, shoulder, wrist."
What exercises help with osteoporosis?,"Exercises such as stretching, strengthening, low-impact aerobic exercises can help improve osteoporosis."
How long does it take to recover from hip replacement?,Recovery time for hip replacement typically takes 6-8 weeks.
What are the causes of hip dysplasia?,"Causes of hip dysplasia include high-impact injuries, falls."
What are the complications of tendinitis?,"Complications of tendinitis may include nerve damage, chronic pain, infection."
What is ACL reconstruction and when is it needed?,knee replacement is a treatment used when severe joint damage.
What are the treatment options for spinal stenosis?,"Treatment options include medications, physical therapy, surgery."
What are the symptoms of arthritis?,"Symptoms of arthritis include pain, swelling, stiffness, limited mobility."
What are the symptoms of scoliosis?,"Symptoms of scoliosis include pain, swelling, stiffness, limited mobility."
What are the symptoms of spinal stenosis?,"Symptoms of spinal stenosis include pain, swelling, stiffness, limited mobility."
What is the difference between osteopenia and osteoporosis?,"dislocation involves ligament injury, whereas osteoporosis involves nerve compression."
What is ACL reconstruction and when is it needed?,ACL reconstruction is a treatment used when severe joint damage.
How is tendinitis diagnosed?,"tendinitis is diagnosed using physical examination, ultrasound, electromyography."
What are the complications of scoliosis?,"Complications of scoliosis may include joint stiffness, limited mobility."
What are the complications of dislocated shoulder?,"Complications of dislocated shoulder may include nerve damage, chronic pain, infection."
How is osteoporosis diagnosed?,"osteoporosis is diagnosed using physical examination, ultrasound, electromyography."
What are the treatment options for osteoporosis?,"Treatment options include medications, physical therapy, surgery."
What exercises help with tendinitis?,"Exercises such as yoga, pilates, resistance training can help improve tendinitis."
What are the treatment options for arthritis?,"Treatment options include medications, physical therapy, surgery."
How long does it take to recover from ACL reconstruction?,Recovery time for hip replacement typically takes 6-8 weeks.
What exercises help with hip dysplasia?,"Exercises such as stretching, strengthening, low-impact aerobic exercises can help improve hip dysplasia."
What is the difference between sprain and fracture?,"sprain involves joint instability, whereas fracture involves cartilage damage."
What are the symptoms of rheumatoid arthritis?,"Symptoms of rheumatoid arthritis include pain, swelling, stiffness, limited mobility."
What are the causes of osteoporosis?,"Causes of osteoporosis include high-impact injuries, falls."
What is the difference between osteopenia and strain?,"sprain involves joint instability, whereas osteoporosis involves nerve compression."
What are the complications of rheumatoid arthritis?,"Complications of rheumatoid arthritis may include nerve damage, chronic pain, infection."
What is ACL reconstruction and when is it needed?,hip replacement is a treatment used when chronic pain not responding to therapy.
What are the symptoms of rheumatoid arthritis?,"Symptoms of rheumatoid arthritis include numbness, tingling, deformity."
What are the symptoms of fractures?,"Symptoms of fractures include numbness, tingling, deformity."
What are the symptoms of carpal tunnel syndrome?,"Symptoms of carpal tunnel syndrome include pain, swelling, stiffness, limited mobility."
What are the complications of fractures?,"Complications of fractures may include joint stiffness, limited mobility."
What is the difference between sprain and fracture?,"osteopenia involves muscle overuse, whereas osteoporosis involves nerve compression."
Which bones are commonly affected by osteoporosis?,"Commonly affected bones include femur, tibia, humerus, spine, radius."
How long does it take to recover from spinal fusion?,Recovery time for knee replacement typically takes 3-6 months.
Which bones are commonly affected by scoliosis?,"Commonly affected bones include hip, knee, shoulder, wrist."
What are the treatment options for rheumatoid arthritis?,"Treatment options include splints, braces, pain management."
What exercises help with fractures?,"Exercises such as yoga, pilates, resistance training can help improve fractures."
What is spinal fusion and when is it needed?,knee replacement is a treatment used when chronic pain not responding to therapy.
Which bones are commonly affected by meniscus tear?,"Commonly affected bones include hip, knee, shoulder, wrist."
What is the difference between osteopenia and osteoporosis?,"osteopenia involves joint instability, whereas fracture involves bone break."
How long does it take to recover from hip replacement?,Recovery time for hip replacement typically takes several months to a year.
Which bones are commonly affected by scoliosis?,"Commonly affected bones include femur, tibia, humerus, spine, radius."
What are the complications of fractures?,"Complications of fractures may include nerve damage, chronic pain, infection."
How long does it take to recover from spinal fusion?,Recovery time for hip replacement typically takes 3-6 months.
What are the treatment options for dislocated shoulder?,"Treatment options include medications, physical therapy, surgery."
What are the symptoms of dislocated shoulder?,"Symptoms of dislocated shoulder include pain, swelling, stiffness, limited mobility."
What is the difference between osteopenia and osteoporosis?,"sprain involves joint instability, whereas osteoporosis involves nerve compression."
What are the complications of tendinitis?,"Complications of tendinitis may include joint stiffness, limited mobility."
What are the causes of scoliosis?,"Causes of scoliosis include overuse, trauma, autoimmune disorders."
What is ACL reconstruction and when is it needed?,hip replacement is a treatment used when severe joint damage.
What exercises help with rheumatoid arthritis?,"Exercises such as stretching, strengthening, low-impact aerobic exercises can help improve rheumatoid arthritis."
What are the causes of spinal stenosis?,"Causes of spinal stenosis include overuse, trauma, autoimmune disorders."
What are the symptoms of spinal stenosis?,"Symptoms of spinal stenosis include numbness, tingling, deformity."
What are the treatment options for spinal stenosis?,"Treatment options include splints, braces, pain management."
What are the treatment options for tendinitis?,"Treatment options include splints, braces, pain management."
How long does it take to recover from ACL reconstruction?,Recovery time for knee replacement typically takes 6-8 weeks.
What exercises help with arthritis?,"Exercises such as stretching, strengthening, low-impact aerobic exercises can help improve arthritis."
What is the difference between sprain and osteoporosis?,"sprain involves joint instability, whereas strain involves bone break."
What are the complications of meniscus tear?,"Complications of meniscus tear may include nerve damage, chronic pain, infection."
What is hip replacement and when is it needed?,hip replacement is a treatment used when severe joint damage.
How long does it take to recover from knee replacement?,Recovery time for ACL reconstruction typically takes several months to a year.
What are the causes of tendinitis?,"Causes of tendinitis include high-impact injuries, falls."
How long does it take to recover from ACL reconstruction?,Recovery time for knee replacement typically takes 3-6 months.
Which bones are commonly affected by spinal stenosis?,"Commonly affected bones include hip, knee, shoulder, wrist."
How long does it take to recover from hip replacement?,Recovery time for spinal fusion typically takes several months to a year.
What are the symptoms of arthritis?,"Symptoms of arthritis include numbness, tingling, deformity."
What are the symptoms of osteoporosis?,"Symptoms of osteoporosis include numbness, tingling, deformity."
What is hip replacement and when is it needed?,knee replacement is a treatment used when severe joint damage.
What are the causes of dislocated shoulder?,"Causes of dislocated shoulder include overuse, trauma, autoimmune disorders."
What is the difference between sprain and fracture?,"osteopenia involves muscle overuse, whereas osteoporosis involves cartilage damage."
How long does it take to recover from knee replacement?,Recovery time for hip replacement typically takes 6-8 weeks.
How long does it take to recover from knee replacement?,Recovery time for knee replacement typically takes 6-8 weeks.
How is dislocated shoulder diagnosed?,"dislocated shoulder is diagnosed using X-rays, MRI scans, CT scans, blood tests."
How is rheumatoid arthritis diagnosed?,"rheumatoid arthritis is diagnosed using physical examination, ultrasound, electromyography."
Which bones are commonly affected by fractures?,"Commonly affected bones include femur, tibia, humerus, spine, radius."
What are the symptoms of scoliosis?,"Symptoms of scoliosis include numbness, tingling, deformity."
What is the difference between sprain and osteoporosis?,"dislocation involves ligament injury, whereas strain involves nerve compression."
What exercises help with scoliosis?,"Exercises such as yoga, pilates, resistance training can help improve scoliosis."
What are the symptoms of meniscus tear?,"Symptoms of meniscus tear include pain, swelling, stiffness, limited mobility."
What are the causes of rheumatoid arthritis?,"Causes of rheumatoid arthritis include high-impact injuries, falls."
What exercises help with carpal tunnel syndrome?,"Exercises such as yoga, pilates, resistance training can help improve carpal tunnel syndrome."
How is hip dysplasia diagnosed?,"hip dysplasia is diagnosed using physical examination, ultrasound, electromyography."
What is ACL reconstruction and when is it needed?,ACL reconstruction is a treatment used when chronic pain not responding to therapy.
What are the causes of spinal stenosis?,"Causes of spinal stenosis include aging, genetic factors, poor nutrition."
What is the difference between sprain and osteoporosis?,"sprain involves ligament injury, whereas strain involves nerve compression."
How is spinal stenosis diagnosed?,"spinal stenosis is diagnosed using X-rays, MRI scans, CT scans, blood tests."
What is hip replacement and when is it needed?,spinal fusion is a treatment used when chronic pain not responding to therapy.
What is ACL reconstruction and when is it needed?,spinal fusion is a treatment used when severe joint damage.
What are the complications of dislocated shoulder?,"Complications of dislocated shoulder may include joint stiffness, limited mobility."
What are the causes of arthritis?,"Causes of arthritis include high-impact injuries, falls."
What is the difference between sprain and osteoporosis?,"sprain involves muscle overuse, whereas fracture involves nerve compression."
What exercises help with meniscus tear?,"Exercises such as stretching, strengthening, low-impact aerobic exercises can help improve meniscus tear."
What are the treatment options for dislocated shoulder?,"Treatment options include splints, braces, pain management."
What is the difference between dislocation and osteoporosis?,"osteopenia involves joint instability, whereas fracture involves nerve compression."
What is the difference between sprain and strain?,"osteopenia involves joint instability, whereas strain involves bone break."
What is spinal fusion and when is it needed?,knee replacement is a treatment used when severe joint damage.
What is the difference between osteopenia and osteoporosis?,"osteopenia involves ligament injury, whereas osteoporosis involves nerve compression."
What is knee replacement and when is it needed?,spinal fusion is a treatment used when chronic pain not responding to therapy.
What is the difference between dislocation and strain?,"osteopenia involves joint instability, whereas strain involves bone break."
What is the difference between osteopenia and strain?,"dislocation involves ligament injury, whereas strain involves bone break."
What are the complications of arthritis?,"Complications of arthritis may include nerve damage, chronic pain, infection."
How long does it take to recover from knee replacement?,Recovery time for hip replacement typically takes 3-6 months.
What exercises help with carpal tunnel syndrome?,"Exercises such as stretching, strengthening, low-impact aerobic exercises can help improve carpal tunnel syndrome."
What exercises help with spinal stenosis?,"Exercises such as yoga, pilates, resistance training can help improve spinal stenosis."
How is carpal tunnel syndrome diagnosed?,"carpal tunnel syndrome is diagnosed using X-rays, MRI scans, CT scans, blood tests."
Which bones are commonly affected by spinal stenosis?,"Commonly affected bones include femur, tibia, humerus, spine, radius."
Which bones are commonly affected by hip dysplasia?,"Commonly affected bones include femur, tibia, humerus, spine, radius."
What exercises help with dislocated shoulder?,"Exercises such as stretching, strengthening, low-impact aerobic exercises can help improve dislocated shoulder."
What are the complications of rheumatoid arthritis?,"Complications of rheumatoid arthritis may include joint stiffness, limited mobility."
What are the treatment options for meniscus tear?,"Treatment options include medications, physical therapy, surgery."
Which bones are commonly affected by carpal tunnel syndrome?,"Commonly affected bones include hip, knee, shoulder, wrist."
What are the complications of arthritis?,"Complications of arthritis may include joint stiffness, limited mobility."
How is spinal stenosis diagnosed?,"spinal stenosis is diagnosed using physical examination, ultrasound, electromyography."
How is scoliosis diagnosed?,"scoliosis is diagnosed using X-rays, MRI scans, CT scans, blood tests."
What is the difference between dislocation and osteoporosis?,"dislocation involves joint instability, whereas fracture involves cartilage damage."
Which bones are commonly affected by osteoporosis?,"Commonly affected bones include hip, knee, shoulder, wrist."
What are the complications of spinal stenosis?,"Complications of spinal stenosis may include joint stiffness, limited mobility."
What is spinal fusion and when is it needed?,ACL reconstruction is a treatment used when severe joint damage.
How is dislocated shoulder diagnosed?,"dislocated shoulder is diagnosed using physical examination, ultrasound, electromyography."
What are the causes of carpal tunnel syndrome?,"Causes of carpal tunnel syndrome include overuse, trauma, autoimmune disorders."
What are the treatment options for scoliosis?,"Treatment options include splints, braces, pain management."
What is the difference between dislocation and fracture?,"osteopenia involves muscle overuse, whereas strain involves bone break."
What is the difference between dislocation and fracture?,"sprain involves ligament injury, whereas osteoporosis involves cartilage damage."
Which bones are commonly affected by dislocated shoulder?,"Commonly affected bones include hip, knee, shoulder, wrist."
What is the difference between dislocation and osteoporosis?,"sprain involves ligament injury, whereas strain involves nerve compression."
What is spinal fusion and when is it needed?,ACL reconstruction is a treatment used when chronic pain not responding to therapy.
How is osteoporosis diagnosed?,"osteoporosis is diagnosed using X-rays, MRI scans, CT scans, blood tests."
How long does it take to recover from spinal fusion?,Recovery time for ACL reconstruction typically takes several months to a year.
Which bones are commonly affected by carpal tunnel syndrome?,"Commonly affected bones include femur, tibia, humerus, spine, radius."
What is the difference between dislocation and strain?,"osteopenia involves ligament injury, whereas fracture involves cartilage damage."
Which bones are commonly affected by tendinitis?,"Commonly affected bones include femur, tibia, humerus, spine, radius."
What is spinal fusion and when is it needed?,hip replacement is a treatment used when severe joint damage.
What is the difference between dislocation and strain?,"dislocation involves joint instability, whereas strain involves bone break."
What is the difference between sprain and osteoporosis?,"dislocation involves muscle overuse, whereas osteoporosis involves bone break."
Which bones are commonly affected by arthritis?,"Commonly affected bones include femur, tibia, humerus, spine, radius."
What is the difference between dislocation and strain?,"sprain involves joint instability, whereas fracture involves bone break."
What is hip replacement and when is it needed?,hip replacement is a treatment used when chronic pain not responding to therapy.
How is carpal tunnel syndrome diagnosed?,"carpal tunnel syndrome is diagnosed using physical examination, ultrasound, electromyography."
What exercises help with fractures?,"Exercises such as stretching, strengthening, low-impact aerobic exercises can help improve fractures."
What are the causes of osteoporosis?,"Causes of osteoporosis include overuse, trauma, autoimmune disorders."
What is the difference between sprain and strain?,"dislocation involves joint instability, whereas strain involves bone break."
What is the difference between sprain and strain?,"osteopenia involves muscle overuse, whereas fracture involves cartilage damage."
What is the difference between osteopenia and strain?,"sprain involves joint instability, whereas osteoporosis involves cartilage damage."
What is the difference between dislocation and fracture?,"sprain involves muscle overuse, whereas osteoporosis involves nerve compression."
What exercises help with osteoporosis?,"Exercises such as yoga, pilates, resistance training can help improve osteoporosis."
What exercises help with scoliosis?,"Exercises such as stretching, strengthening, low-impact aerobic exercises can help improve scoliosis."
What are the complications of osteoporosis?,"Complications of osteoporosis may include nerve damage, chronic pain, infection."
What is the difference between sprain and fracture?,"sprain involves ligament injury, whereas osteoporosis involves nerve compression."
Which bones are commonly affected by rheumatoid arthritis?,"Commonly affected bones include hip, knee, shoulder, wrist."
What exercises help with arthritis?,"Exercises such as yoga, pilates, resistance training can help improve arthritis."
What are the treatment options for carpal tunnel syndrome?,"Treatment options include medications, physical therapy, surgery."
What is the difference between dislocation and strain?,"osteopenia involves joint instability, whereas osteoporosis involves bone break."
What is the difference between dislocation and strain?,"dislocation involves muscle overuse, whereas osteoporosis involves cartilage damage."
What are the symptoms of carpal tunnel syndrome?,"Symptoms of carpal tunnel syndrome include numbness, tingling, deformity."
What are the causes of fractures?,"Causes of fractures include high-impact injuries, falls."
How is arthritis diagnosed?,"arthritis is diagnosed using X-rays, MRI scans, CT scans, blood tests."
What is ACL reconstruction and when is it needed?,spinal fusion is a treatment used when chronic pain not responding to therapy.
How long does it take to recover from ACL reconstruction?,Recovery time for knee replacement typically takes several months to a year.
What are the causes of meniscus tear?,"Causes of meniscus tear include aging, genetic factors, poor nutrition."
What exercises help with meniscus tear?,"Exercises such as yoga, pilates, resistance training can help improve meniscus tear."
Which bones are commonly affected by hip dysplasia?,"Commonly affected bones include hip, knee, shoulder, wrist."
What are the causes of arthritis?,"Causes of arthritis include aging, genetic factors, poor nutrition."
What is the difference between dislocation and strain?,"dislocation involves joint instability, whereas osteoporosis involves bone break."
What are the symptoms of osteoporosis?,"Symptoms of osteoporosis include pain, swelling, stiffness, limited mobility."
What is knee replacement and when is it needed?,knee replacement is a treatment used when chronic pain not responding to therapy.
What exercises help with tendinitis?,"Exercises such as stretching, strengthening, low-impact aerobic exercises can help improve tendinitis."
What is the difference between sprain and strain?,"dislocation involves muscle overuse, whereas osteoporosis involves bone break."
What are the treatment options for osteoporosis?,"Treatment options include splints, braces, pain management."
What are the complications of carpal tunnel syndrome?,"Complications of carpal tunnel syndrome may include joint stiffness, limited mobility."
What are the causes of tendinitis?,"Causes of tendinitis include overuse, trauma, autoimmune disorders."
What are the causes of carpal tunnel syndrome?,"Causes of carpal tunnel syndrome include high-impact injuries, falls."
What is the difference between dislocation and osteoporosis?,"dislocation involves joint instability, whereas osteoporosis involves cartilage damage."
What are the complications of osteoporosis?,"Complications of osteoporosis may include joint stiffness, limited mobility."
What are the symptoms of dislocated shoulder?,"Symptoms of dislocated shoulder include numbness, tingling, deformity."
What is the difference between dislocation and strain?,"dislocation involves ligament injury, whereas fracture involves cartilage damage."
Which bones are commonly affected by rheumatoid arthritis?,"Commonly affected bones include femur, tibia, humerus, spine, radius."
What is spinal fusion and when is it needed?,spinal fusion is a treatment used when chronic pain not responding to therapy.
What are the causes of fractures?,"Causes of fractures include overuse, trauma, autoimmune disorders."
What is spinal fusion and when is it needed?,spinal fusion is a treatment used when severe joint damage.
How long does it take to recover from ACL reconstruction?,Recovery time for spinal fusion typically takes several months to a year.
How long does it take to recover from spinal fusion?,Recovery time for knee replacement typically takes several months to a year.
What is the difference between dislocation and strain?,"osteopenia involves ligament injury, whereas osteoporosis involves cartilage damage."
How is arthritis diagnosed?,"arthritis is diagnosed using physical examination, ultrasound, electromyography."
How long does it take to recover from knee replacement?,Recovery time for spinal fusion typically takes 6-8 weeks.
How long does it take to recover from spinal fusion?,Recovery time for ACL reconstruction typically takes 6-8 weeks.
What is the difference between osteopenia and fracture?,"sprain involves joint instability, whereas osteoporosis involves cartilage damage."
What exercises help with hip dysplasia?,"Exercises such as yoga, pilates, resistance training can help improve hip dysplasia."
What are the treatment options for tendinitis?,"Treatment options include medications, physical therapy, surgery."
What is spinal fusion and when is it needed?,hip replacement is a treatment used when chronic pain not responding to therapy.
What are the complications of meniscus tear?,"Complications of meniscus tear may include joint stiffness, limited mobility."
How is rheumatoid arthritis diagnosed?,"rheumatoid arthritis is diagnosed using X-rays, MRI scans, CT scans, blood tests."
What is the difference between osteopenia and osteoporosis?,"osteopenia involves muscle overuse, whereas osteoporosis involves cartilage damage."
What is hip replacement and when is it needed?,spinal fusion is a treatment used when severe joint damage.
How long does it take to recover from knee replacement?,Recovery time for spinal fusion typically takes 3-6 months.
What are the causes of hip dysplasia?,"Causes of hip dysplasia include aging, genetic factors, poor nutrition."
What are the symptoms of hip dysplasia?,"Symptoms of hip dysplasia include numbness, tingling, deformity."
What are the treatment options for rheumatoid arthritis?,"Treatment options include medications, physical therapy, surgery."
What is knee replacement and when is it needed?,spinal fusion is a treatment used when severe joint damage.
How long does it take to recover from knee replacement?,Recovery time for hip replacement typically takes several months to a year.
What is the difference between sprain and fracture?,"dislocation involves ligament injury, whereas strain involves bone break."
What are the treatment options for scoliosis?,"Treatment options include medications, physical therapy, surgery."
What is the difference between dislocation and osteoporosis?,"sprain involves muscle overuse, whereas strain involves bone break."
What exercises help with dislocated shoulder?,"Exercises such as yoga, pilates, resistance training can help improve dislocated shoulder."
What is the difference between sprain and osteoporosis?,"sprain involves ligament injury, whereas osteoporosis involves nerve compression."
What are the complications of carpal tunnel syndrome?,"Complications of carpal tunnel syndrome may include nerve damage, chronic pain, infection."
What is the difference between osteopenia and fracture?,"sprain involves ligament injury, whereas osteoporosis involves bone break."
What is knee replacement and when is it needed?,ACL reconstruction is a treatment used when severe joint damage.
What are the treatment options for arthritis?,"Treatment options include splints, braces, pain management."
What is the difference between osteopenia and strain?,"sprain involves ligament injury, whereas osteoporosis involves nerve compression."
What are the causes of hip dysplasia?,"Causes of hip dysplasia include overuse, trauma, autoimmune disorders."
What is the difference between osteopenia and fracture?,"sprain involves joint instability, whereas osteoporosis involves bone break."
How long does it take to recover from spinal fusion?,Recovery time for spinal fusion typically takes 6-8 weeks.
What is the difference between osteopenia and fracture?,"sprain involves joint instability, whereas strain involves bone break."
What are the causes of arthritis?,"Causes of arthritis include overuse, trauma, autoimmune disorders."
What is the difference between dislocation and osteoporosis?,"dislocation involves joint instability, whereas fracture involves bone break."
What exercises help with rheumatoid arthritis?,"Exercises such as yoga, pilates, resistance training can help improve rheumatoid arthritis."
How is hip dysplasia diagnosed?,"hip dysplasia is diagnosed using X-rays, MRI scans, CT scans, blood tests."
How is meniscus tear diagnosed?,"meniscus tear is diagnosed using physical examination, ultrasound, electromyography."
What are the causes of carpal tunnel syndrome?,"Causes of carpal tunnel syndrome include aging, genetic factors, poor nutrition."
What is knee replacement and when is it needed?,hip replacement is a treatment used when severe joint damage.
A patient complains of tingling and numbness in their outer thigh without any back pain. What condition is likely?,"Meralgia paresthetica, caused by compression of the lateral femoral cutaneous nerve, is suspected."
A 25-year-old cyclist presents with wrist pain after falling on an outstretched hand. What injury should be considered?,A scaphoid fracture should be suspected and confirmed with imaging.
A 14-year-old girl experiences knee pain during growth spurts. What common condition could this be?,"Osgood-Schlatter disease, a common condition affecting growing children, is likely."
A 35-year-old construction worker has shoulder pain and weakness after repetitive overhead work. What condition might be developing?,Rotator cuff tendinitis or impingement syndrome is a common issue in workers with repetitive overhead movements.
A 20-year-old football player has severe ankle pain and swelling after twisting it. What is the probable diagnosis?,"Ankle sprain or ligament tear should be considered, and an MRI may be needed for confirmation."
A 65-year-old man with a history of smoking reports persistent back pain and unexplained weight loss. What should be ruled out?,Metastatic bone cancer should be ruled out with imaging and further tests.
A 45-year-old hiker reports a sharp pain in the back of the ankle after jumping. What injury should be suspected?,An Achilles tendon rupture should be suspected and requires immediate evaluation.
A 10-year-old child complains of persistent hip pain and a limp. An X-ray reveals a slipped femoral head. What condition is suspected?,"Slipped Capital Femoral Epiphysis (SCFE), a hip disorder affecting adolescents, is likely."
A 50-year-old golfer complains of pain on the inner side of his elbow. What condition could this be?,Golferâ€™s elbow (medial epicondylitis) is likely due to repetitive strain on forearm muscles.
"A 55-year-old woman reports chronic pain and stiffness in both knees, worsening over the years. What condition is most likely?","Osteoarthritis is the most probable cause, leading to joint degeneration over time."
A 50-year-old woman experiences morning stiffness in her fingers that improves throughout the day. What condition is likely?,"This suggests rheumatoid arthritis, an autoimmune disorder affecting the joints."
A factory worker develops chronic elbow pain after repetitive movements. What condition might they have?,"They might have tennis elbow (lateral epicondylitis), a condition caused by overuse of the forearm muscles."
"A patient presents with chronic heel pain, especially in the morning. What condition is suspected?","Plantar fasciitis is a common cause of heel pain, often linked to tight calf muscles and foot mechanics."
"A 40-year-old office worker reports wrist pain and numbness, especially at night. What condition might they have?","This patient might have carpal tunnel syndrome, which is caused by compression of the median nerve in the wrist."
A teenager presents with uneven shoulders and an abnormal spinal curvature. What is the most probable diagnosis?,"The most probable diagnosis is scoliosis, which requires further evaluation with an X-ray."
A 65-year-old woman fell in her bathroom and landed on her hip. She is experiencing severe pain and is unable to walk. What could be the possible diagnosis?,Possible diagnoses include a hip fracture or severe hip contusion. An X-ray or MRI is needed for confirmation.
A 30-year-old runner complains of pain in the shin that worsens with activity. What condition could this be?,This could be shin splints (medial tibial stress syndrome) due to overuse or improper running form.
A 12-year-old boy complains of knee pain after playing soccer. There is swelling around the knee but no visible deformity. What should be the next step?,The next step would be a physical examination followed by imaging tests like an X-ray or MRI to rule out ligament or meniscus injuries.
A young athlete hears a popping sound in their knee during a basketball game and is unable to bear weight on it. What injury is suspected?,"An ACL (anterior cruciate ligament) tear is a likely injury, requiring further assessment with an MRI."
A 70-year-old man with a history of osteoporosis presents with sudden back pain after bending over. What could be the issue?,"This could indicate a vertebral compression fracture, commonly seen in osteoporosis patients."
A 50-year-old golfer complains of pain on the inner side of his elbow. What condition could this be?,Golfers elbow (medial epicondylitis) is likely due to repetitive strain on forearm muscles.
